{
	"info": {
		"name": "Teste API Operadoras",
		"schema": "https://schema.getpostman.com/json/collection/v2.1.0/collection.json"
	},
	"item": [
		{
			"name": "Listar Operadoras",
			"request": {
				"method": "GET",
				"url": {
					"raw": "http://localhost:8000/api/operadoras?page=1&limit=10",
					"host": ["localhost"],
					"port": "8000",
					"path": ["api", "operadoras"],
					"query": [{"key": "page", "value": "1"}, {"key": "limit", "value": "10"}]
				}
			}
		}
	]
}