{
	"info": {
		"name": "Desafio Operadoras",
		"schema": "https://schema.getpostman.com/json/collection/v2.1.0/collection.json"
	},
	"item": [
		{ "name": "Listar Operadoras", "request": { "method": "GET", "url": "http://localhost:8000/api/operadoras?page=1&limit=10" }},
		{ "name": "Buscar Operadora", "request": { "method": "GET", "url": "http://localhost:8000/api/operadoras?page=1&q=ALFA" }},
		{ "name": "Detalhes Operadora", "request": { "method": "GET", "url": "http://localhost:8000/api/operadoras/00.111.222/0001-99" }},
		{ "name": "Histórico Despesas", "request": { "method": "GET", "url": "http://localhost:8000/api/operadoras/00.111.222/0001-99/despesas" }},
		{ "name": "Estatísticas Gerais", "request": { "method": "GET", "url": "http://localhost:8000/api/estatisticas" }}
	]
}